тестовое название	описание...	01.05.2023	domain.ru
акция 1	Lorem ipsum dolor sit amet, consectetur adipiscing elit. Aliquam pulvinar felis id turpis venenatis dictum.	22.07.2023	other-domain.ru
еще акция	вравераераераераер	15.12.2023	domain.ru
акция 1	Lorem ipsum dolor sit amet, consectetur adipiscing elit. Aliquam pulvinar felis id turpis venenatis dictum.	22.07.2023	other-domain.ru
тестовое название	описание...	01.05.2023	domain.ru
акция 1	Lorem ipsum dolor sit amet, consectetur adipiscing elit. Aliquam pulvinar felis id turpis venenatis dictum.	22.07.2023	other-domain.ru
еще акция	вравераераераераер	15.12.2023	domain.ru
акция 1	Lorem ipsum dolor sit amet, consectetur adipiscing elit. Aliquam pulvinar felis id turpis venenatis dictum.	22.07.2023	other-domain.ru
тестовое название	описание...	01.05.2023	domain.ru
акция 1	Lorem ipsum dolor sit amet, consectetur adipiscing elit. Aliquam pulvinar felis id turpis venenatis dictum.	22.07.2023	other-domain.ru
еще акция	вравераераераераер	15.12.2023	domain.ru
акция 1	Lorem ipsum dolor sit amet, consectetur adipiscing elit. Aliquam pulvinar felis id turpis venenatis dictum.	22.07.2023	other-domain.ru
тестовое название	описание...	01.05.2023	domain.ru
акция 1	Lorem ipsum dolor sit amet, consectetur adipiscing elit. Aliquam pulvinar felis id turpis venenatis dictum.	22.07.2023	other-domain.ru
еще акция	вравераераераераер	15.12.2023	domain.ru
акция 1	Lorem ipsum dolor sit amet, consectetur adipiscing elit. Aliquam pulvinar felis id turpis venenatis dictum.	22.07.2023	other-domain.ru
тестовое название	описание...	01.05.2023	domain.ru
акция 1	Lorem ipsum dolor sit amet, consectetur adipiscing elit. Aliquam pulvinar felis id turpis venenatis dictum.	22.07.2023	other-domain.ru
еще акция	вравераераераераер	15.12.2023	domain.ru
акция 1	Lorem ipsum dolor sit amet, consectetur adipiscing elit. Aliquam pulvinar felis id turpis venenatis dictum.	22.07.2023	other-domain.ru
тестовое название	описание...	01.05.2023	domain.ru
акция 1	Lorem ipsum dolor sit amet, consectetur adipiscing elit. Aliquam pulvinar felis id turpis venenatis dictum.	22.07.2023	other-domain.ru
еще акция	вравераераераераер	15.12.2023	domain.ru
акция 1	Lorem ipsum dolor sit amet, consectetur adipiscing elit. Aliquam pulvinar felis id turpis venenatis dictum.	22.07.2023	other-domain.ru
тестовое название	описание...	01.05.2023	domain.ru
акция 1	Lorem ipsum dolor sit amet, consectetur adipiscing elit. Aliquam pulvinar felis id turpis venenatis dictum.	22.07.2023	other-domain.ru
еще акция	вравераераераераер	15.12.2023	domain.ru
акция 1	Lorem ipsum dolor sit amet, consectetur adipiscing elit. Aliquam pulvinar felis id turpis venenatis dictum.	22.07.2023	other-domain.ru
тестовое название	описание...	01.05.2023	domain.ru
акция 1	Lorem ipsum dolor sit amet, consectetur adipiscing elit. Aliquam pulvinar felis id turpis venenatis dictum.	22.07.2023	other-domain.ru
еще акция	вравераераераераер	15.12.2023	domain.ru
акция 1	Lorem ipsum dolor sit amet, consectetur adipiscing elit. Aliquam pulvinar felis id turpis venenatis dictum.	22.07.2023	other-domain.ru
тестовое название	описание...	01.05.2023	domain.ru
акция 1	Lorem ipsum dolor sit amet, consectetur adipiscing elit. Aliquam pulvinar felis id turpis venenatis dictum.	22.07.2023	other-domain.ru
еще акция	вравераераераераер	15.12.2023	domain.ru
акция 1	Lorem ipsum dolor sit amet, consectetur adipiscing elit. Aliquam pulvinar felis id turpis venenatis dictum.	22.07.2023	other-domain.ru
тестовое название	описание...	01.05.2023	domain.ru
акция 1	Lorem ipsum dolor sit amet, consectetur adipiscing elit. Aliquam pulvinar felis id turpis venenatis dictum.	22.07.2023	other-domain.ru
еще акция	вравераераераераер	15.12.2023	domain.ru
акция 1	Lorem ipsum dolor sit amet, consectetur adipiscing elit. Aliquam pulvinar felis id turpis venenatis dictum.	22.07.2023	other-domain.ru
тестовое название	описание...	01.05.2023	domain.ru
акция 1	Lorem ipsum dolor sit amet, consectetur adipiscing elit. Aliquam pulvinar felis id turpis venenatis dictum.	22.07.2023	other-domain.ru
еще акция	вравераераераераер	15.12.2023	domain.ru
акция 1	Lorem ipsum dolor sit amet, consectetur adipiscing elit. Aliquam pulvinar felis id turpis venenatis dictum.	22.07.2023	other-domain.ru
тестовое название	описание...	01.05.2023	domain.ru
акция 1	Lorem ipsum dolor sit amet, consectetur adipiscing elit. Aliquam pulvinar felis id turpis venenatis dictum.	22.07.2023	other-domain.ru
еще акция	вравераераераераер	15.12.2023	domain.ru
акция 1	Lorem ipsum dolor sit amet, consectetur adipiscing elit. Aliquam pulvinar felis id turpis venenatis dictum.	22.07.2023	other-domain.ru
тестовое название	описание...	01.05.2023	domain.ru
акция 1	Lorem ipsum dolor sit amet, consectetur adipiscing elit. Aliquam pulvinar felis id turpis venenatis dictum.	22.07.2023	other-domain.ru
еще акция	вравераераераераер	15.12.2023	domain.ru
акция 1	Lorem ipsum dolor sit amet, consectetur adipiscing elit. Aliquam pulvinar felis id turpis venenatis dictum.	22.07.2023	other-domain.ru
тестовое название	описание...	01.05.2023	domain.ru
акция 1	Lorem ipsum dolor sit amet, consectetur adipiscing elit. Aliquam pulvinar felis id turpis venenatis dictum.	22.07.2023	other-domain.ru
еще акция	вравераераераераер	15.12.2023	domain.ru
акция 1	Lorem ipsum dolor sit amet, consectetur adipiscing elit. Aliquam pulvinar felis id turpis venenatis dictum.	22.07.2023	other-domain.ru
тестовое название	описание...	01.05.2023	domain.ru
акция 1	Lorem ipsum dolor sit amet, consectetur adipiscing elit. Aliquam pulvinar felis id turpis venenatis dictum.	22.07.2023	other-domain.ru
еще акция	вравераераераераер	15.12.2023	domain.ru
акция 1	Lorem ipsum dolor sit amet, consectetur adipiscing elit. Aliquam pulvinar felis id turpis venenatis dictum.	22.07.2023	other-domain.ru
тестовое название	описание...	01.05.2023	domain.ru
акция 1	Lorem ipsum dolor sit amet, consectetur adipiscing elit. Aliquam pulvinar felis id turpis venenatis dictum.	22.07.2023	other-domain.ru
еще акция	вравераераераераер	15.12.2023	domain.ru
акция 1	Lorem ipsum dolor sit amet, consectetur adipiscing elit. Aliquam pulvinar felis id turpis venenatis dictum.	22.07.2023	other-domain.ru
тестовое название	описание...	01.05.2023	domain.ru
акция 1	Lorem ipsum dolor sit amet, consectetur adipiscing elit. Aliquam pulvinar felis id turpis venenatis dictum.	22.07.2023	other-domain.ru
еще акция	вравераераераераер	15.12.2023	domain.ru
акция 1	Lorem ipsum dolor sit amet, consectetur adipiscing elit. Aliquam pulvinar felis id turpis venenatis dictum.	22.07.2023	other-domain.ru
тестовое название	описание...	01.05.2023	domain.ru
акция 1	Lorem ipsum dolor sit amet, consectetur adipiscing elit. Aliquam pulvinar felis id turpis venenatis dictum.	22.07.2023	other-domain.ru
еще акция	вравераераераераер	15.12.2023	domain.ru
акция 1	Lorem ipsum dolor sit amet, consectetur adipiscing elit. Aliquam pulvinar felis id turpis venenatis dictum.	22.07.2023	other-domain.ru